U in V,I in mA,R in ohm,SU in V,SI in mA
0.43,189.7,1,0.01215,2.3764
1.18,189.7,5,0.0159,2.3764
1.75,189.6,8,0.01875,2.3752
2.7,189.4,13,0.0235,2.3728
4.2,189.3,21,0.031,2.3716
6.07,189.1,31,0.04035,2.3692
7.94,188.9,41,0.0497,2.3668
9.82,188.8,51,0.0591,2.3656
11.68,188.6,61,0.0684,2.3632
13.53,188.3,71,0.07765,2.3596
15.4,188.2,81,0.087,2.3584
17.24,188,91,0.0962,2.356
19.12,187.8,101,0.1056,2.3536
